game,show,date
6096,7816,2018-09-10
6097,7817,2018-09-11
6098,7818,2018-09-12
6099,7819,2018-09-13
6101,7820,2018-09-14
6102,7821,2018-09-17
6103,7822,2018-09-18
6105,7823,2018-09-19
6106,7824,2018-09-20
6107,7825,2018-09-21
6110,7826,2018-09-24
6111,7827,2018-09-25
6112,7828,2018-09-26
6113,7829,2018-09-27
6114,7830,2018-09-28
6115,7831,2018-10-01
6116,7832,2018-10-02
6117,7833,2018-10-03
6118,7834,2018-10-04
6119,7835,2018-10-05
6120,7836,2018-10-08
6121,7837,2018-10-09
6122,7838,2018-10-10
6123,7839,2018-10-11
6124,7840,2018-10-12
6125,7841,2018-10-15
6126,7842,2018-10-16
6127,7843,2018-10-17
6128,7844,2018-10-18
6129,7845,2018-10-19
6130,7846,2018-10-22
6131,7847,2018-10-23
6132,7848,2018-10-24
6133,7849,2018-10-25
6134,7850,2018-10-26
6135,7851,2018-10-29
6136,7852,2018-10-30
6137,7853,2018-10-31
6138,7854,2018-11-01
6139,7855,2018-11-02
6140,7856,2018-11-05
6141,7857,2018-11-06
6142,7858,2018-11-07
6143,7859,2018-11-08
6144,7860,2018-11-09
6145,7861,2018-11-12
6146,7862,2018-11-13
6147,7863,2018-11-14
6148,7864,2018-11-15
6149,7865,2018-11-16
6150,7866,2018-11-19
6152,7868,2018-11-21
6155,7869,2018-11-22
6156,7870,2018-11-23
6157,7871,2018-11-26
6158,7872,2018-11-27
6159,7873,2018-11-28
6160,7874,2018-11-29
6161,7875,2018-11-30
6162,7876,2018-12-03
6163,7877,2018-12-04
6164,7878,2018-12-05
6165,7879,2018-12-06
6166,7880,2018-12-07
6167,7881,2018-12-10
6168,7882,2018-12-11
6169,7883,2018-12-12
6170,7884,2018-12-13
6171,7885,2018-12-14
6172,7886,2018-12-17
6173,7887,2018-12-18
6174,7888,2018-12-19
6175,7889,2018-12-20
6176,7890,2018-12-21
6177,7891,2018-12-24
6178,7892,2018-12-25
6179,7893,2018-12-26
6180,7894,2018-12-27
6181,7895,2018-12-28
6182,7896,2018-12-31
6183,7897,2019-01-01
6184,7898,2019-01-02
6185,7899,2019-01-03
6186,7900,2019-01-04
6187,7901,2019-01-07
6188,7902,2019-01-08
6189,7903,2019-01-09
6190,7904,2019-01-10
6191,7905,2019-01-11
6192,7906,2019-01-14
6193,7907,2019-01-15
6194,7908,2019-01-16
6195,7909,2019-01-17
6196,7910,2019-01-18
6197,7911,2019-01-21
6198,7912,2019-01-22
6199,7913,2019-01-23
6200,7914,2019-01-24
6201,7915,2019-01-25
6202,7916,2019-01-28
6203,7917,2019-01-29
6204,7918,2019-01-30
6205,7919,2019-01-31
6206,7920,2019-02-01
6210,7921,2019-02-04
6211,7922,2019-02-05
6213,7923,2019-02-06
6214,7924,2019-02-07
6215,7925,2019-02-08
6216,7926,2019-02-11
6217,7927,2019-02-12
6218,7928,2019-02-13
6219,7929,2019-02-14
6220,7930,2019-02-15
6221,7931,2019-02-18
6222,7932,2019-02-19
6229,7939,2019-02-28
6231,7941,2019-03-04
6233,7943,2019-03-06
6234,7944,2019-03-07
6235,7945,2019-03-08
6236,7946,2019-03-11
6237,7947,2019-03-12
6238,7948,2019-03-13
6239,7949,2019-03-14
6240,7950,2019-03-15
6242,7951,2019-03-18
6243,7952,2019-03-19
6245,7953,2019-03-20
6246,7954,2019-03-21
6247,7955,2019-03-22
6248,7956,2019-03-25
6249,7957,2019-03-26
6250,7958,2019-03-27
6251,7959,2019-03-28
6252,7960,2019-03-29
6253,7961,2019-04-01
6254,7962,2019-04-02
6255,7963,2019-04-03
6256,7964,2019-04-04
6257,7965,2019-04-05
6258,7966,2019-04-08
6259,7967,2019-04-09
6260,7968,2019-04-10
6261,7969,2019-04-11
6262,7970,2019-04-12
6263,7971,2019-04-15
6265,7972,2019-04-16
6266,7973,2019-04-17
6267,7974,2019-04-18
6268,7975,2019-04-19
6269,7976,2019-04-22
6270,7977,2019-04-23
6271,7978,2019-04-24
6272,7979,2019-04-25
6273,7980,2019-04-26
6274,7981,2019-04-29
6275,7982,2019-04-30
6276,7983,2019-05-01
6277,7984,2019-05-02
6278,7985,2019-05-03
6279,7986,2019-05-06
6280,7987,2019-05-07
6281,7988,2019-05-08
6282,7989,2019-05-09
6283,7990,2019-05-10
6284,7991,2019-05-13
6285,7992,2019-05-14
6286,7993,2019-05-15
6287,7994,2019-05-16
6289,7996,2019-05-20
6290,7997,2019-05-21
6291,7998,2019-05-22
6292,7999,2019-05-23
6293,8000,2019-05-24
6295,8001,2019-05-27
6297,8002,2019-05-28
6300,8003,2019-05-29
6302,8004,2019-05-30
6303,8005,2019-05-31
6304,8006,2019-06-03
6307,8007,2019-06-04
6309,8008,2019-06-05
6311,8009,2019-06-06
6313,8010,2019-06-07
6316,8011,2019-06-10
6318,8012,2019-06-11
6320,8013,2019-06-12
6323,8014,2019-06-13
6324,8015,2019-06-14
6326,8016,2019-06-17
6328,8017,2019-06-18
6330,8018,2019-06-19
6332,8019,2019-06-20
6333,8020,2019-06-21
6335,8021,2019-06-24
6338,8022,2019-06-25
6342,8024,2019-06-27
6347,8026,2019-07-01
6349,8027,2019-07-02
6350,8028,2019-07-03
6351,8029,2019-07-04
6352,8030,2019-07-05
6354,8031,2019-07-08
6364,8032,2019-07-09
6366,8033,2019-07-10
6368,8034,2019-07-11
6369,8035,2019-07-12
6371,8036,2019-07-15
6374,8037,2019-07-16
6376,8038,2019-07-17
6379,8040,2019-07-19
6381,8041,2019-07-22
6384,8042,2019-07-23
6386,8043,2019-07-24
6388,8044,2019-07-25
6389,8045,2019-07-26
